distancia(m),tiempo_real(s),tiempo_medido(s)
.5,0.1019368,0.10932767
.6,0.12232416,0.10524852
.7,0.14271152,0.14084535
.8,0.13509234,0.17219114
.9,0.18348624,0.18009539