distancia,tiempo_real,tiempo_medido
1,0.45198461470556867,0.4851601639450091
2,0.6392027721005931,0.632958994865022
3,0.7828603169094881,0.8169425288719869
4,0.9039692294111373,0.8996668495343986
5,1.0106683232657028,1.0272461029973616
6,1.1071316776170972,1.1062666104774124
7,1.195838886938282,1.2378727282293094
8,1.2784055442011861,1.2791415504909176
9,1.355953844116706,1.3230965845354357
10,1.4293008498232322,1.4674542104181347